{
  "2025-12-31": {
    "1Y": 1.337233,
    "2Y": 1.3606295,
    "3Y": 1.38340453,
    "4Y": 1.49008134,
    "5Y": 1.63826169,
    "6Y": 1.70377477,
    "7Y": 1.74619211,
    "8Y": 1.79560304,
    "9Y": 1.8330821600000002,
    "10Y": 1.87227387,
    "11Y": 1.9242608099999998,
    "12Y": 1.9876812000000001,
    "13Y": 2.05812066,
    "14Y": 2.13097738,
    "15Y": 2.20139184,
    "16Y": 2.25653008,
    "17Y": 2.29041393,
    "18Y": 2.30856365,
    "19Y": 2.31681387,
    "20Y": 2.32122899,
    "21Y": 2.32512251,
    "22Y": 2.32777135,
    "23Y": 2.32933626,
    "24Y": 2.32998669,
    "25Y": 2.32990036,
    "26Y": 2.32926286,
    "27Y": 2.32826731,
    "28Y": 2.32711426,
    "29Y": 2.32601154,
    "30Y": 2.3254839,
    "31Y": 2.3291396,
    "32Y": 2.33739194,
    "33Y": 2.34952116,
    "34Y": 2.36479643,
    "35Y": 2.38246563,
    "36Y": 2.40174561,
    "37Y": 2.42181339,
    "38Y": 2.4417984,
    "39Y": 2.46077679,
    "40Y": 2.47776828,
    "41Y": 2.49375788,
    "42Y": 2.51039246,
    "43Y": 2.52763565,
    "44Y": 2.54544946,
    "45Y": 2.56379387,
    "46Y": 2.58262656,
    "47Y": 2.60190248,
    "48Y": 2.6215734,
    "49Y": 2.64158752,
    "50Y": 2.66188892
  }
}